index,parent,offspring,parent_temp,parent_ph,f0_temp,f0_ph,diameter_um_dyn,calc,diameter_bak,diameter_um
1,0C,18C,0,C,18 °C,8,371.8,398,373.6,364.6
2,0C,18C,0,C,18 °C,8,390.5,398,439.6,369.3
3,0C,18C,0,C,18 °C,8,420.7,398,435,358.6
4,0C,18C,0,C,18 °C,8,399.6,398,371.5,421.7
5,0C,18C,0,C,18 °C,8,415.4,398,358.6,382.5
6,0C,18C,0,C,18 °C,8,356.1,398,424.8,395.3
7,0C,18C,0,C,18 °C,8,368.6,398,437.4,426
8,0C,18C,0,C,18 °C,8,396.5,398,411,446.6
9,0C,18C,0,C,18 °C,8,357.3,398,377.8,385.7
10,0C,18C,0,C,18 °C,8,369.8,398,349.6,361.2
11,0C,18C,0,C,18 °C,8,391.7,398,404.3,445.2
12,0C,18C,0,C,18 °C,8,390.8,398,440,423.1
13,0C,18C,0,C,18 °C,8,446.3,398,440.4,379.7
14,0C,18C,0,C,18 °C,8,440.1,398,387.6,354
15,0C,18C,0,C,18 °C,8,375.3,398,367.8,394.1
16,0C,18C,0,C,18 °C,8,423.3,398,405.7,369
17,0C,18C,0,C,18 °C,8,365.4,398,440.1,425.2
18,0C,18C,0,C,18 °C,8,378,398,408.1,418.3
19,0C,18C,0,C,18 °C,8,387.6,398,402,429.5
20,0C,18C,0,C,18 °C,8,407.1,398,378.6,385.1
21,0C,18C,0,C,18 °C,8,408.5,398,424,394.1
22,0C,18C,0,C,18 °C,8,381.9,398,427,446.4
23,0C,18C,0,C,18 °C,8,386,398,418.9,394.5
24,0C,18C,0,C,18 °C,8,354.4,398,355.9,445.8
25,0C,18C,0,C,18 °C,8,368.4,398,415.9,419.8
26,0C,18C,0,C,18 °C,8,378.3,398,349.5,362.5
27,0C,18C,0,C,18 °C,8,367.9,398,410.4,356.4
28,0C,18C,0,C,18 °C,8,374.3,398,415.7,434.9
29,0C,18C,0,C,18 °C,8,443.7,398,375.2,432.8
30,0C,18C,0,C,18 °C,8,348.6,398,392.7,417.3
31,0C,18C,0,C,20 °C,8,427.1,410,429,388.8
32,0C,18C,0,C,20 °C,8,402.7,410,415.7,389.3
33,0C,18C,0,C,20 °C,8,398.7,410,430.2,416.7
34,0C,18C,0,C,20 °C,8,453.9,410,451.9,444.9
35,0C,18C,0,C,20 °C,8,391.6,410,390.9,405.8
36,0C,18C,0,C,20 °C,8,360.7,410,379,457.8
37,0C,18C,0,C,20 °C,8,408,410,434.3,430.5
38,0C,18C,0,C,20 °C,8,393.7,410,453.5,443.1
39,0C,18C,0,C,20 °C,8,435.2,410,416.2,373.9
40,0C,18C,0,C,20 °C,8,362.1,410,400.2,453.1
41,0C,18C,0,C,20 °C,8,421.5,410,382.4,400.9
42,0C,18C,0,C,20 °C,8,424.7,410,409.3,412.4
43,0C,18C,0,C,20 °C,8,393.4,410,381.4,371.4
44,0C,18C,0,C,20 °C,8,406.1,410,415.7,430.2
45,0C,18C,0,C,20 °C,8,380.1,410,412,449.1
46,0C,18C,0,C,20 °C,8,436.3,410,414.8,411.8
47,0C,18C,0,C,20 °C,8,374.3,410,456,428.5
48,0C,18C,0,C,20 °C,8,399.5,410,444.7,404
49,0C,18C,0,C,20 °C,8,435.7,410,457.5,445.3
50,0C,18C,0,C,20 °C,8,365.1,410,400.6,399.4
51,0C,18C,0,C,20 °C,8,369.2,410,431.9,431.8
52,0C,18C,0,C,20 °C,8,362.6,410,426.7,393.6
53,0C,18C,0,C,20 °C,8,397,410,425.9,404.3
54,0C,18C,0,C,20 °C,8,439,410,375.2,428.5
55,0C,18C,0,C,20 °C,8,390.5,410,418.9,404.4
56,0C,18C,0,C,20 °C,8,405.5,410,376.3,416.7
57,0C,18C,0,C,20 °C,8,362.4,410,445.3,396.7
58,0C,18C,0,C,20 °C,8,410.8,410,407.6,374.9
59,0C,18C,0,C,20 °C,8,416.4,410,414.2,431.2
60,0C,18C,0,C,20 °C,8,427.3,410,437.8,379.7
61,0C,18C,0,C,22 °C,8,411.2,410,437.9,403.4
62,0C,18C,0,C,22 °C,8,447,410,444.4,440.9
63,0C,18C,0,C,22 °C,8,381.6,410,373.6,438
64,0C,18C,0,C,22 °C,8,454.7,410,433.1,413.7
65,0C,18C,0,C,22 °C,8,367.2,410,388.8,414.6
66,0C,18C,0,C,22 °C,8,419,410,396.4,426.6
67,0C,18C,0,C,22 °C,8,442,410,374.9,391.5
68,0C,18C,0,C,22 °C,8,403.4,410,418.3,397.3
69,0C,18C,0,C,22 °C,8,431.2,410,436,459.1
70,0C,18C,0,C,22 °C,8,410.3,410,368.2,453.9
71,0C,18C,0,C,22 °C,8,437.1,410,388.8,385
72,0C,18C,0,C,22 °C,8,369.6,410,434.4,392.3
73,0C,18C,0,C,22 °C,8,405.1,410,445.5,431
74,0C,18C,0,C,22 °C,8,421.2,410,408.8,392.3
75,0C,18C,0,C,22 °C,8,403.5,410,409.9,420.3
76,0C,18C,0,C,22 °C,8,410.6,410,405.8,374.8
77,0C,18C,0,C,22 °C,8,416.8,410,372.9,360.4
78,0C,18C,0,C,22 °C,8,421.1,410,417.7,372.5
79,0C,18C,0,C,22 °C,8,432.3,410,404.5,416.5
80,0C,18C,0,C,22 °C,8,414.7,410,368.7,434.1
81,0C,18C,0,C,22 °C,8,440.9,410,421.6,448.9
82,0C,18C,0,C,22 °C,8,451,410,389,403.8
83,0C,18C,0,C,22 °C,8,393.1,410,390.9,456.2
84,0C,18C,0,C,22 °C,8,410.1,410,443.8,456.5
85,0C,18C,0,C,22 °C,8,411.4,410,436.9,408.7
86,0C,18C,0,C,22 °C,8,446.5,410,413.2,397.2
87,0C,18C,0,C,22 °C,8,363,410,376.7,376.7
88,0C,18C,0,C,22 °C,8,365.8,410,437.5,425.9
89,0C,18C,0,C,22 °C,8,430.1,410,444.1,403.5
90,0C,18C,0,C,22 °C,8,450.1,410,454.8,446.4
91,0C,18C,0,C,24 °C,8,363.4,413,419.5,373.1
92,0C,18C,0,C,24 °C,8,448.6,413,384.8,394.1
93,0C,18C,0,C,24 °C,8,429,413,411.3,398.3
94,0C,18C,0,C,24 °C,8,432.5,413,363.2,435
95,0C,18C,0,C,24 °C,8,411.1,413,411.5,428.1
96,0C,18C,0,C,24 °C,8,377.6,413,367.3,454.7
97,0C,18C,0,C,24 °C,8,413.7,413,402.1,426.1
98,0C,18C,0,C,24 °C,8,451.8,413,405.6,407.8
99,0C,18C,0,C,24 °C,8,458.8,413,367.3,459.9
100,0C,18C,0,C,24 °C,8,391.7,413,368.8,427.7
101,0C,18C,0,C,24 °C,8,411.6,413,450.3,419
102,0C,18C,0,C,24 °C,8,386,413,413.1,383.7
103,0C,18C,0,C,24 °C,8,380.5,413,429.2,438.2
104,0C,18C,0,C,24 °C,8,402.4,413,419.5,453.3
105,0C,18C,0,C,24 °C,8,455,413,368.3,370.5
106,0C,18C,0,C,24 °C,8,390.2,413,452.7,372.3
107,0C,18C,0,C,24 °C,8,365.2,413,441.6,438.3
108,0C,18C,0,C,24 °C,8,366.9,413,390.7,366.4
109,0C,18C,0,C,24 °C,8,366.3,413,382.4,398.5
110,0C,18C,0,C,24 °C,8,398.7,413,425.2,445.5
111,0C,18C,0,C,24 °C,8,434.6,413,414.2,382.9
112,0C,18C,0,C,24 °C,8,394.9,413,412.8,415
113,0C,18C,0,C,24 °C,8,373.8,413,398,365.2
114,0C,18C,0,C,24 °C,8,440.3,413,368.7,423.5
115,0C,18C,0,C,24 °C,8,377.2,413,376.1,434
116,0C,18C,0,C,24 °C,8,398.3,413,407,449.1
117,0C,18C,0,C,24 °C,8,396.6,413,381.5,411.2
118,0C,18C,0,C,24 °C,8,381.6,413,405,401.2
119,0C,18C,0,C,24 °C,8,402.8,413,423.7,449.5
120,0C,18C,0,C,24 °C,8,424.5,413,453,377.5
121,0A,18C,0,A,18 °C,8,423.8,390,382.9,369.3
122,0A,18C,0,A,18 °C,8,406.7,390,343.1,428.8
123,0A,18C,0,A,18 °C,8,419.8,390,379.7,434.7
124,0A,18C,0,A,18 °C,8,396.2,390,365.4,419.9
125,0A,18C,0,A,18 °C,8,388.5,390,379.9,343.3
126,0A,18C,0,A,18 °C,8,413,390,413.8,352.2
127,0A,18C,0,A,18 °C,8,424.7,390,416.1,421.1
128,0A,18C,0,A,18 °C,8,419.9,390,374.1,374.1
129,0A,18C,0,A,18 °C,8,429.4,390,403.4,351.8
130,0A,18C,0,A,18 °C,8,423.5,390,397.7,375.5
131,0A,18C,0,A,18 °C,8,390.1,390,361.4,370.2
132,0A,18C,0,A,18 °C,8,421.9,390,358.1,391.4
133,0A,18C,0,A,18 °C,8,378.9,390,392.7,419.1
134,0A,18C,0,A,18 °C,8,350.6,390,363,406.5
135,0A,18C,0,A,18 °C,8,414.6,390,427,389.7
136,0A,18C,0,A,18 °C,8,366.7,390,411.8,398.9
137,0A,18C,0,A,18 °C,8,383.2,390,437.2,365
138,0A,18C,0,A,18 °C,8,373.9,390,375.2,378.8
139,0A,18C,0,A,18 °C,8,352.2,390,433.7,413.6
140,0A,18C,0,A,18 °C,8,405.2,390,376.5,397.1
141,0A,18C,0,A,18 °C,8,399.1,390,349.6,401.3
142,0A,18C,0,A,18 °C,8,414.2,390,365.4,371.2
143,0A,18C,0,A,18 °C,8,378.3,390,404.8,416.3
144,0A,18C,0,A,18 °C,8,393.1,390,387.5,385.6
145,0A,18C,0,A,18 °C,8,365.8,390,361.3,398.2
146,0A,18C,0,A,18 °C,8,378.2,390,343.8,380.6
147,0A,18C,0,A,18 °C,8,393.7,390,352.3,364.3
148,0A,18C,0,A,18 °C,8,380.1,390,358.5,356.3
149,0A,18C,0,A,18 °C,8,388.1,390,392.1,387.9
150,0A,18C,0,A,18 °C,8,367.4,390,423.5,410.2
151,0A,18C,0,A,20 °C,8,390.2,399,358.8,366.8
152,0A,18C,0,A,20 °C,8,426.8,399,369.8,386.5
153,0A,18C,0,A,20 °C,8,449,399,360.5,380.2
154,0A,18C,0,A,20 °C,8,422.8,399,412,368.8
155,0A,18C,0,A,20 °C,8,402.8,399,444,381.2
156,0A,18C,0,A,20 °C,8,372.5,399,350.7,411.8
157,0A,18C,0,A,20 °C,8,427.6,399,379.1,387.3
158,0A,18C,0,A,20 °C,8,367,399,360.5,437.9
159,0A,18C,0,A,20 °C,8,381.6,399,422,413.8
160,0A,18C,0,A,20 °C,8,356.8,399,419.2,430.3
161,0A,18C,0,A,20 °C,8,365,399,422.1,403.4
162,0A,18C,0,A,20 °C,8,426.6,399,379.4,414.2
163,0A,18C,0,A,20 °C,8,411.1,399,396.6,448.6
164,0A,18C,0,A,20 °C,8,356.4,399,352.5,381.2
165,0A,18C,0,A,20 °C,8,395.2,399,400.4,387.8
166,0A,18C,0,A,20 °C,8,431.4,399,361.4,390.4
167,0A,18C,0,A,20 °C,8,437.3,399,428.3,415.1
168,0A,18C,0,A,20 °C,8,364.3,399,396.8,398.6
169,0A,18C,0,A,20 °C,8,362.5,399,375.2,381.7
170,0A,18C,0,A,20 °C,8,364.6,399,434.8,353.4
171,0A,18C,0,A,20 °C,8,428.2,399,410,444.1
172,0A,18C,0,A,20 °C,8,349.9,399,443.3,366.8
173,0A,18C,0,A,20 °C,8,354.1,399,358.8,414.9
174,0A,18C,0,A,20 °C,8,440.5,399,350.7,355.1
175,0A,18C,0,A,20 °C,8,369,399,445.9,430.9
176,0A,18C,0,A,20 °C,8,360.9,399,360.5,376.9
177,0A,18C,0,A,20 °C,8,435.4,399,440.1,360.3
178,0A,18C,0,A,20 °C,8,409.6,399,443.3,395.6
179,0A,18C,0,A,20 °C,8,393.8,399,441.9,386.3
180,0A,18C,0,A,20 °C,8,421.5,399,353.5,414.1
181,0A,18C,0,A,22 °C,8,359.3,403,442.7,428.8
182,0A,18C,0,A,22 °C,8,413.8,403,417.3,416.5
183,0A,18C,0,A,22 °C,8,434.6,403,365.2,450.4
184,0A,18C,0,A,22 °C,8,380.2,403,356.8,373.2
185,0A,18C,0,A,22 °C,8,395.1,403,397,442
186,0A,18C,0,A,22 °C,8,372.7,403,400.8,379.4
187,0A,18C,0,A,22 °C,8,371.2,403,448.7,391.4
188,0A,18C,0,A,22 °C,8,411.9,403,406.5,433.6
189,0A,18C,0,A,22 °C,8,395.5,403,377.4,433.5
190,0A,18C,0,A,22 °C,8,367,403,424.8,445.4
191,0A,18C,0,A,22 °C,8,401.8,403,412.5,354.1
192,0A,18C,0,A,22 °C,8,368.1,403,434.5,391.3
193,0A,18C,0,A,22 °C,8,426,403,396.2,353.9
194,0A,18C,0,A,22 °C,8,406.2,403,420,392.6
195,0A,18C,0,A,22 °C,8,397.3,403,405.3,404.7
196,0A,18C,0,A,22 °C,8,413.4,403,367.3,357.7
197,0A,18C,0,A,22 °C,8,452.3,403,405.4,423.1
198,0A,18C,0,A,22 °C,8,355.8,403,355,433
199,0A,18C,0,A,22 °C,8,423.7,403,359.1,419.6
200,0A,18C,0,A,22 °C,8,380.8,403,426,383
201,0A,18C,0,A,22 °C,8,433.7,403,394.4,355.9
202,0A,18C,0,A,22 °C,8,379.2,403,359.6,436.6
203,0A,18C,0,A,22 °C,8,376.7,403,409.8,403.1
204,0A,18C,0,A,22 °C,8,388,403,447.6,361.9
205,0A,18C,0,A,22 °C,8,391.2,403,412.3,423.5
206,0A,18C,0,A,22 °C,8,452.6,403,438.1,396.5
207,0A,18C,0,A,22 °C,8,404.5,403,434.2,397.7
208,0A,18C,0,A,22 °C,8,386.6,403,421.6,361.3
209,0A,18C,0,A,22 °C,8,421.7,403,437.6,413.3
210,0A,18C,0,A,22 °C,8,424.6,403,360.7,357.3
211,0A,18C,0,A,24 °C,8,450.9,410,421.2,457.5
212,0A,18C,0,A,24 °C,8,378.8,410,426.7,367.9
213,0A,18C,0,A,24 °C,8,459.8,410,380.9,360.4
214,0A,18C,0,A,24 °C,8,402.7,410,425,429.6
215,0A,18C,0,A,24 °C,8,390,410,418.9,390.8
216,0A,18C,0,A,24 °C,8,458.6,410,448.5,389.8
217,0A,18C,0,A,24 °C,8,436.7,410,407.2,446.6
218,0A,18C,0,A,24 °C,8,389.7,410,368.8,377.7
219,0A,18C,0,A,24 °C,8,459.5,410,391.8,419.1
220,0A,18C,0,A,24 °C,8,422.9,410,423.9,428.9
221,0A,18C,0,A,24 °C,8,372.4,410,380.9,367.1
222,0A,18C,0,A,24 °C,8,415.1,410,459.2,458.6
223,0A,18C,0,A,24 °C,8,385.7,410,451,443.9
224,0A,18C,0,A,24 °C,8,365.9,410,416.1,434.2
225,0A,18C,0,A,24 °C,8,397.2,410,385.7,372.6
226,0A,18C,0,A,24 °C,8,437.2,410,380.3,384.8
227,0A,18C,0,A,24 °C,8,457.3,410,411.6,415.7
228,0A,18C,0,A,24 °C,8,448.7,410,374.8,403
229,0A,18C,0,A,24 °C,8,395.8,410,420.3,401.7
230,0A,18C,0,A,24 °C,8,418.8,410,424.5,435.5
231,0A,18C,0,A,24 °C,8,376.4,410,425.4,430.5
232,0A,18C,0,A,24 °C,8,447.1,410,374.9,442.6
233,0A,18C,0,A,24 °C,8,453.4,410,375.2,450
234,0A,18C,0,A,24 °C,8,445,410,388.4,369
235,0A,18C,0,A,24 °C,8,437.2,410,426.4,406.5
236,0A,18C,0,A,24 °C,8,374.1,410,418.8,436.1
237,0A,18C,0,A,24 °C,8,416.2,410,395.3,442.6
238,0A,18C,0,A,24 °C,8,429.1,410,443.6,387.5
239,0A,18C,0,A,24 °C,8,393.2,410,441.1,414.4
240,0A,18C,0,A,24 °C,8,393.2,410,386.4,412
241,2C,18C,2,C,18 °C,8,467.4,401,420.9,322
242,2C,18C,2,C,18 °C,8,358.6,401,345.6,399.9
243,2C,18C,2,C,18 °C,8,349.6,401,458,371.4
244,2C,18C,2,C,18 °C,8,405.2,401,417,335.8
245,2C,18C,2,C,18 °C,8,392.5,401,389.6,472.9
246,2C,18C,2,C,18 °C,8,427.1,401,446.9,445.3
247,2C,18C,2,C,18 °C,8,379.2,401,399.7,356.6
248,2C,18C,2,C,18 °C,8,332.5,401,474.6,332.3
249,2C,18C,2,C,18 °C,8,362,401,419.4,372.9
250,2C,18C,2,C,18 °C,8,406.9,401,456,480
251,2C,18C,2,C,18 °C,8,429.1,401,432.7,390.7
252,2C,18C,2,C,18 °C,8,352.1,401,438.7,445
253,2C,18C,2,C,18 °C,8,321.3,401,403.5,425.2
254,2C,18C,2,C,18 °C,8,384.4,401,387.2,436.1
255,2C,18C,2,C,18 °C,8,355.7,401,324.8,477.6
256,2C,18C,2,C,18 °C,8,365.8,401,386.1,322.3
257,2C,18C,2,C,18 °C,8,396.9,401,337.4,478.7
258,2C,18C,2,C,18 °C,8,477.2,401,358.5,479
259,2C,18C,2,C,18 °C,8,401,401,383.8,336.2
260,2C,18C,2,C,18 °C,8,345.1,401,474.8,461.2
261,2C,18C,2,C,18 °C,8,469.9,401,406,365.5
262,2C,18C,2,C,18 °C,8,477.8,401,327.3,468.3
263,2C,18C,2,C,18 °C,8,345.6,401,457.1,465.9
264,2C,18C,2,C,18 °C,8,411.3,401,387.5,368.7
265,2C,18C,2,C,18 °C,8,397.9,401,361.4,364.5
266,2C,18C,2,C,18 °C,8,334,401,455.9,322.5
267,2C,18C,2,C,18 °C,8,331.2,401,344.2,335.3
268,2C,18C,2,C,18 °C,8,478.6,401,435.6,470.2
269,2C,18C,2,C,18 °C,8,365.8,401,376.4,391.8
270,2C,18C,2,C,18 °C,8,468.6,401,328.6,389.3
271,2C,18C,2,C,20 °C,8,386.8,405,415.2,374.9
272,2C,18C,2,C,20 °C,8,475,405,439.1,443.1
273,2C,18C,2,C,20 °C,8,458.8,405,401.8,345.3
274,2C,18C,2,C,20 °C,8,371.2,405,385,356.2
275,2C,18C,2,C,20 °C,8,435,405,462.5,400.1
276,2C,18C,2,C,20 °C,8,366.5,405,453.4,365
277,2C,18C,2,C,20 °C,8,356.5,405,432.4,371.4
278,2C,18C,2,C,20 °C,8,481.5,405,427.1,369.7
279,2C,18C,2,C,20 °C,8,483.6,405,429.7,325.7
280,2C,18C,2,C,20 °C,8,329.1,405,453.7,438.9
281,2C,18C,2,C,20 °C,8,359.3,405,450.4,379.5
282,2C,18C,2,C,20 °C,8,351.7,405,375.1,467.7
283,2C,18C,2,C,20 °C,8,387.9,405,466.8,465.2
284,2C,18C,2,C,20 °C,8,466.9,405,380.2,404.4
285,2C,18C,2,C,20 °C,8,379.3,405,389.4,419.3
286,2C,18C,2,C,20 °C,8,328.6,405,340.5,386
287,2C,18C,2,C,20 °C,8,466.1,405,379.9,435.6
288,2C,18C,2,C,20 °C,8,359.7,405,346.8,460.3
289,2C,18C,2,C,20 °C,8,372.2,405,373.1,409.7
290,2C,18C,2,C,20 °C,8,361.4,405,405.6,464.3
291,2C,18C,2,C,20 °C,8,476,405,415.6,459.8
292,2C,18C,2,C,20 °C,8,372.6,405,401.1,331.4
293,2C,18C,2,C,20 °C,8,431.5,405,365.7,372.1
294,2C,18C,2,C,20 °C,8,459.3,405,386.6,426.5
295,2C,18C,2,C,20 °C,8,431.4,405,382.1,439.2
296,2C,18C,2,C,20 °C,8,430.2,405,469,331.4
297,2C,18C,2,C,20 °C,8,339,405,335.6,369.1
298,2C,18C,2,C,20 °C,8,341.1,405,427.5,459.8
299,2C,18C,2,C,20 °C,8,392.9,405,404,388.9
300,2C,18C,2,C,20 °C,8,406.3,405,456.8,415.4
301,2C,18C,2,C,22 °C,8,348.2,403,417.1,367.9
302,2C,18C,2,C,22 °C,8,443.1,403,350.1,467.1
303,2C,18C,2,C,22 °C,8,347,403,361.8,362.3
304,2C,18C,2,C,22 °C,8,479.9,403,370.8,331.9
305,2C,18C,2,C,22 °C,8,464.7,403,412.8,410.7
306,2C,18C,2,C,22 °C,8,377.8,403,421.3,410.3
307,2C,18C,2,C,22 °C,8,440.7,403,402.7,388.7
308,2C,18C,2,C,22 °C,8,355.7,403,336,411.6
309,2C,18C,2,C,22 °C,8,403.4,403,352.8,347.1
310,2C,18C,2,C,22 °C,8,376.7,403,353.3,360.7
311,2C,18C,2,C,22 °C,8,395.5,403,361.5,357.6
312,2C,18C,2,C,22 °C,8,466.5,403,411.5,414.8
313,2C,18C,2,C,22 °C,8,382.9,403,438.9,334.2
314,2C,18C,2,C,22 °C,8,472.2,403,370.6,377.7
315,2C,18C,2,C,22 °C,8,331.1,403,411.3,463
316,2C,18C,2,C,22 °C,8,401.9,403,329.8,424.8
317,2C,18C,2,C,22 °C,8,411.8,403,388.5,466.7
318,2C,18C,2,C,22 °C,8,454.4,403,361.5,389.3
319,2C,18C,2,C,22 °C,8,479.4,403,347.5,359.2
320,2C,18C,2,C,22 °C,8,423.3,403,456.5,476
321,2C,18C,2,C,22 °C,8,330.2,403,447.2,412.9
322,2C,18C,2,C,22 °C,8,468.7,403,441.1,358.2
323,2C,18C,2,C,22 °C,8,334.8,403,371.7,360.5
324,2C,18C,2,C,22 °C,8,450.4,403,406.8,384.1
325,2C,18C,2,C,22 °C,8,392.1,403,356.2,371.4
326,2C,18C,2,C,22 °C,8,378.5,403,357.3,410.8
327,2C,18C,2,C,22 °C,8,407.4,403,457.5,442.3
328,2C,18C,2,C,22 °C,8,459.9,403,338.5,365.7
329,2C,18C,2,C,22 °C,8,329.3,403,454,384.1
330,2C,18C,2,C,22 °C,8,372.4,403,469,333.3
331,2C,18C,2,C,24 °C,8,354.8,406,450,362.2
332,2C,18C,2,C,24 °C,8,384,406,436.8,418.5
333,2C,18C,2,C,24 °C,8,389.8,406,451.1,362.1
334,2C,18C,2,C,24 °C,8,372.4,406,357.5,406.1
335,2C,18C,2,C,24 °C,8,425.9,406,357.9,418.9
336,2C,18C,2,C,24 °C,8,413.7,406,339.3,371.2
337,2C,18C,2,C,24 °C,8,376.5,406,464.6,365.5
338,2C,18C,2,C,24 °C,8,398,406,456.2,444.5
339,2C,18C,2,C,24 °C,8,432.2,406,466.4,454.5
340,2C,18C,2,C,24 °C,8,463.5,406,465.5,397.7
341,2C,18C,2,C,24 °C,8,349.7,406,421.7,335.3
342,2C,18C,2,C,24 °C,8,345.4,406,449.6,358.6
343,2C,18C,2,C,24 °C,8,476.9,406,366.2,416.1
344,2C,18C,2,C,24 °C,8,481.7,406,423.1,441.5
345,2C,18C,2,C,24 °C,8,465.2,406,357,368.9
346,2C,18C,2,C,24 °C,8,484.3,406,437.2,355
347,2C,18C,2,C,24 °C,8,469.4,406,455.1,379.7
348,2C,18C,2,C,24 °C,8,482.6,406,367.1,367.7
349,2C,18C,2,C,24 °C,8,341.6,406,475.3,415.2
350,2C,18C,2,C,24 °C,8,348.4,406,391.5,415.8
351,2C,18C,2,C,24 °C,8,371.7,406,482.4,422.3
352,2C,18C,2,C,24 °C,8,371.7,406,412.6,423.2
353,2C,18C,2,C,24 °C,8,412.3,406,383.6,371.8
354,2C,18C,2,C,24 °C,8,336,406,329.7,326.5
355,2C,18C,2,C,24 °C,8,370.9,406,351.8,461.2
356,2C,18C,2,C,24 °C,8,460.4,406,358.1,337.9
357,2C,18C,2,C,24 °C,8,448.2,406,434.2,361
358,2C,18C,2,C,24 °C,8,477.1,406,407.3,334.8
359,2C,18C,2,C,24 °C,8,331.6,406,357.5,400.4
360,2C,18C,2,C,24 °C,8,465.3,406,330.1,449.7
361,2A,18C,2,A,18 °C,8,457.4,401,398.3,384.5
362,2A,18C,2,A,18 °C,8,374.7,401,468.1,458.3
363,2A,18C,2,A,18 °C,8,440.2,401,441.8,465.9
364,2A,18C,2,A,18 °C,8,355.7,401,387.7,375.7
365,2A,18C,2,A,18 °C,8,474.6,401,477.9,388.7
366,2A,18C,2,A,18 °C,8,374.4,401,384.8,434.2
367,2A,18C,2,A,18 °C,8,382.4,401,440.2,395.9
368,2A,18C,2,A,18 °C,8,402.8,401,434.2,452.6
369,2A,18C,2,A,18 °C,8,427.8,401,472.4,468.5
370,2A,18C,2,A,18 °C,8,411.5,401,384.9,478.1
371,2A,18C,2,A,18 °C,8,425.2,401,466.8,397.9
372,2A,18C,2,A,18 °C,8,457.7,401,452.1,469.7
373,2A,18C,2,A,18 °C,8,345.1,401,405.6,427
374,2A,18C,2,A,18 °C,8,440.2,401,440,384.5
375,2A,18C,2,A,18 °C,8,323.9,401,438.1,457.6
376,2A,18C,2,A,18 °C,8,438.7,401,335.5,426.6
377,2A,18C,2,A,18 °C,8,466.7,401,399.4,399
378,2A,18C,2,A,18 °C,8,463.1,401,369.7,431.8
379,2A,18C,2,A,18 °C,8,399.3,401,327.5,457
380,2A,18C,2,A,18 °C,8,337.7,401,473.2,427.8
381,2A,18C,2,A,18 °C,8,422.2,401,460.6,375.8
382,2A,18C,2,A,18 °C,8,475,401,362.7,404.5
383,2A,18C,2,A,18 °C,8,334.9,401,406.8,387.1
384,2A,18C,2,A,18 °C,8,407.6,401,411.3,426.2
385,2A,18C,2,A,18 °C,8,339.7,401,417,438.7
386,2A,18C,2,A,18 °C,8,362.4,401,340.2,356.9
387,2A,18C,2,A,18 °C,8,414.2,401,393.6,363.9
388,2A,18C,2,A,18 °C,8,417.7,401,480.5,418.5
389,2A,18C,2,A,18 °C,8,350.5,401,364.9,433.9
390,2A,18C,2,A,18 °C,8,420.5,401,477.4,376.1
391,2A,18C,2,A,20 °C,8,399.6,405,469.9,402.6
392,2A,18C,2,A,20 °C,8,372.4,405,419.7,450.1
393,2A,18C,2,A,20 °C,8,357,405,437.4,344.9
394,2A,18C,2,A,20 °C,8,349.3,405,401.4,375.2
395,2A,18C,2,A,20 °C,8,404.7,405,396.3,360.8
396,2A,18C,2,A,20 °C,8,449.1,405,356.1,429.3
397,2A,18C,2,A,20 °C,8,409,405,365.9,433.7
398,2A,18C,2,A,20 °C,8,484,405,453.2,420.7
399,2A,18C,2,A,20 °C,8,407.9,405,466.2,329.3
400,2A,18C,2,A,20 °C,8,415.7,405,471.3,466
401,2A,18C,2,A,20 °C,8,447.6,405,376.5,453.8
402,2A,18C,2,A,20 °C,8,390.4,405,336.5,466.1
403,2A,18C,2,A,20 °C,8,453.1,405,394,464.3
404,2A,18C,2,A,20 °C,8,480.1,405,430.8,342.1
405,2A,18C,2,A,20 °C,8,469.7,405,429,358.8
406,2A,18C,2,A,20 °C,8,454.2,405,330.9,451.5
407,2A,18C,2,A,20 °C,8,383.6,405,434.7,402.7
408,2A,18C,2,A,20 °C,8,473.9,405,333.5,414.9
409,2A,18C,2,A,20 °C,8,425,405,334.7,402.9
410,2A,18C,2,A,20 °C,8,383.1,405,484.5,361
411,2A,18C,2,A,20 °C,8,378,405,479.5,427
412,2A,18C,2,A,20 °C,8,422.4,405,340.4,424.7
413,2A,18C,2,A,20 °C,8,477.8,405,345.2,366.2
414,2A,18C,2,A,20 °C,8,447.2,405,341.3,401.8
415,2A,18C,2,A,20 °C,8,336,405,433.2,391.1
416,2A,18C,2,A,20 °C,8,403.6,405,436.5,415.1
417,2A,18C,2,A,20 °C,8,430.1,405,363.2,409.5
418,2A,18C,2,A,20 °C,8,424.7,405,446.4,342.2
419,2A,18C,2,A,20 °C,8,333.8,405,441.6,345.7
420,2A,18C,2,A,20 °C,8,359.7,405,424.2,431.2
421,2A,18C,2,A,22 °C,8,443.9,403,358.2,459.8
422,2A,18C,2,A,22 °C,8,354.5,403,451.3,405.7
423,2A,18C,2,A,22 °C,8,369.1,403,445.2,461.9
424,2A,18C,2,A,22 °C,8,448.2,403,443.9,432.3
425,2A,18C,2,A,22 °C,8,452.2,403,436.3,429.6
426,2A,18C,2,A,22 °C,8,399.3,403,383.3,377.2
427,2A,18C,2,A,22 °C,8,407.4,403,446.9,333.7
428,2A,18C,2,A,22 °C,8,457.8,403,445.6,461.3
429,2A,18C,2,A,22 °C,8,412.5,403,367.6,381.8
430,2A,18C,2,A,22 °C,8,395.8,403,355,326.7
431,2A,18C,2,A,22 °C,8,438.8,403,382.1,466
432,2A,18C,2,A,22 °C,8,414.7,403,482,417
433,2A,18C,2,A,22 °C,8,462.2,403,423.6,349.3
434,2A,18C,2,A,22 °C,8,342.2,403,331.3,463.3
435,2A,18C,2,A,22 °C,8,431.7,403,339.7,405.4
436,2A,18C,2,A,22 °C,8,451.5,403,464.6,353.5
437,2A,18C,2,A,22 °C,8,409.3,403,481.8,447.8
438,2A,18C,2,A,22 °C,8,427.8,403,368.9,367
439,2A,18C,2,A,22 °C,8,394.1,403,448.7,390.9
440,2A,18C,2,A,22 °C,8,388.1,403,444,392.8
441,2A,18C,2,A,22 °C,8,367.7,403,409.1,361.1
442,2A,18C,2,A,22 °C,8,475.1,403,431.8,390.6
443,2A,18C,2,A,22 °C,8,326.9,403,446.8,374.6
444,2A,18C,2,A,22 °C,8,365.6,403,407.4,392.5
445,2A,18C,2,A,22 °C,8,419.7,403,367.8,441
446,2A,18C,2,A,22 °C,8,330.1,403,450.5,463.4
447,2A,18C,2,A,22 °C,8,412.4,403,466.1,370.5
448,2A,18C,2,A,22 °C,8,435.1,403,428.6,373.4
449,2A,18C,2,A,22 °C,8,416.1,403,475.3,448.2
450,2A,18C,2,A,22 °C,8,459.6,403,390.7,404.1
451,2A,18C,2,A,24 °C,8,471.1,406,411.9,483.3
452,2A,18C,2,A,24 °C,8,405.8,406,473.1,479.3
453,2A,18C,2,A,24 °C,8,376.1,406,358,407.5
454,2A,18C,2,A,24 °C,8,472.5,406,362.7,347.8
455,2A,18C,2,A,24 °C,8,380.5,406,464.4,368.6
456,2A,18C,2,A,24 °C,8,330.6,406,420.7,473.3
457,2A,18C,2,A,24 °C,8,361.7,406,376.3,382.7
458,2A,18C,2,A,24 °C,8,332.5,406,469.3,485.6
459,2A,18C,2,A,24 °C,8,340,406,452.9,452.4
460,2A,18C,2,A,24 °C,8,388.1,406,362.5,360.8
461,2A,18C,2,A,24 °C,8,410.6,406,406.9,357.5
462,2A,18C,2,A,24 °C,8,443.6,406,346.7,375.9
463,2A,18C,2,A,24 °C,8,366.4,406,444.8,449.7
464,2A,18C,2,A,24 °C,8,357.4,406,357.8,350.3
465,2A,18C,2,A,24 °C,8,381.9,406,421.7,376
466,2A,18C,2,A,24 °C,8,379.9,406,453.4,443.1
467,2A,18C,2,A,24 °C,8,425.8,406,442,373.2
468,2A,18C,2,A,24 °C,8,379.4,406,459.4,406.2
469,2A,18C,2,A,24 °C,8,371.6,406,476.5,451.2
470,2A,18C,2,A,24 °C,8,392.2,406,360.1,378.9
471,2A,18C,2,A,24 °C,8,410.1,406,354.5,383.9
472,2A,18C,2,A,24 °C,8,455.1,406,468.4,399.1
473,2A,18C,2,A,24 °C,8,421.6,406,328.9,373.7
474,2A,18C,2,A,24 °C,8,457.5,406,470.9,357.8
475,2A,18C,2,A,24 °C,8,344.3,406,350.4,399.5
476,2A,18C,2,A,24 °C,8,330.9,406,416,442.9
477,2A,18C,2,A,24 °C,8,457.1,406,445.3,433.8
478,2A,18C,2,A,24 °C,8,423,406,410.3,384.3
479,2A,18C,2,A,24 °C,8,438.4,406,433.7,408.3
480,2A,18C,2,A,24 °C,8,375.1,406,368.9,378
481,0C,18C,0,C,18 °C,7.6,415.7,398,314.3,337.2
482,0C,18C,0,C,18 °C,7.6,408.7,398,380.1,384.7
483,0C,18C,0,C,18 °C,7.6,304.8,398,393.4,339.2
484,0C,18C,0,C,18 °C,7.6,439.6,398,374.1,317.2
485,0C,18C,0,C,18 °C,7.6,421.5,398,378.6,333.9
486,0C,18C,0,C,18 °C,7.6,320.7,398,389.3,444.1
487,0C,18C,0,C,18 °C,7.6,333,398,353.3,337.4
488,0C,18C,0,C,18 °C,7.6,382.6,398,332.7,415.7
489,0C,18C,0,C,18 °C,7.6,357.3,398,355,362.9
490,0C,18C,0,C,18 °C,7.6,388.8,398,359.5,393.7
491,0C,18C,0,C,18 °C,7.6,343.4,398,405.2,378.1
492,0C,18C,0,C,18 °C,7.6,432.1,398,410.6,304.9
493,0C,18C,0,C,18 °C,7.6,435,398,317,323.3
494,0C,18C,0,C,18 °C,7.6,424.1,398,356.3,356.8
495,0C,18C,0,C,18 °C,7.6,449.4,398,432.8,339.6
496,0C,18C,0,C,18 °C,7.6,387.1,398,328.9,457.9
497,0C,18C,0,C,18 °C,7.6,427.6,398,334.3,443.4
498,0C,18C,0,C,18 °C,7.6,317.1,398,355.6,321.6
499,0C,18C,0,C,18 °C,7.6,337,398,350.5,391.7
500,0C,18C,0,C,18 °C,7.6,394.9,398,388.1,299.8
501,0C,18C,0,C,18 °C,7.6,454.8,398,344.4,328.3
502,0C,18C,0,C,18 °C,7.6,431.5,398,396.6,407.4
503,0C,18C,0,C,18 °C,7.6,344,398,391.8,432.7
504,0C,18C,0,C,18 °C,7.6,414.3,398,302.8,429.8
505,0C,18C,0,C,18 °C,7.6,397,398,387.1,445.1
506,0C,18C,0,C,18 °C,7.6,347.2,398,361.1,450.7
507,0C,18C,0,C,18 °C,7.6,425.6,398,398.6,320.3
508,0C,18C,0,C,18 °C,7.6,300.3,398,303.4,379.1
509,0C,18C,0,C,18 °C,7.6,324.9,398,330.6,374.1
510,0C,18C,0,C,18 °C,7.6,404.4,398,347.3,388.3
511,0C,18C,0,C,20 °C,7.6,328.6,410,341.5,454.6
512,0C,18C,0,C,20 °C,7.6,417.7,410,455.7,396.6
513,0C,18C,0,C,20 °C,7.6,433.3,410,432.4,396.7
514,0C,18C,0,C,20 °C,7.6,407,410,349.3,413
515,0C,18C,0,C,20 °C,7.6,409.7,410,400.7,380.8
516,0C,18C,0,C,20 °C,7.6,459.5,410,344,312.6
517,0C,18C,0,C,20 °C,7.6,316,410,422.3,439.9
518,0C,18C,0,C,20 °C,7.6,351.5,410,434.8,403.2
519,0C,18C,0,C,20 °C,7.6,353.9,410,369.1,417.8
520,0C,18C,0,C,20 °C,7.6,323.5,410,313.2,463.4
521,0C,18C,0,C,20 °C,7.6,375.9,410,432,340.6
522,0C,18C,0,C,20 °C,7.6,456,410,332,408.4
523,0C,18C,0,C,20 °C,7.6,433.3,410,410.5,353
524,0C,18C,0,C,20 °C,7.6,332.9,410,356.1,337.5
525,0C,18C,0,C,20 °C,7.6,385.4,410,320.2,310.3
526,0C,18C,0,C,20 °C,7.6,348.2,410,320.2,366.6
527,0C,18C,0,C,20 °C,7.6,347.9,410,396.6,374
528,0C,18C,0,C,20 °C,7.6,463.4,410,369.9,461.6
529,0C,18C,0,C,20 °C,7.6,409,410,387.6,406.6
530,0C,18C,0,C,20 °C,7.6,461.5,410,348.5,456.8
531,0C,18C,0,C,20 °C,7.6,377.7,410,464.8,339.8
532,0C,18C,0,C,20 °C,7.6,315.4,410,450.8,469.1
533,0C,18C,0,C,20 °C,7.6,464.7,410,424.6,444.2
534,0C,18C,0,C,20 °C,7.6,456.8,410,387.7,452.7
535,0C,18C,0,C,20 °C,7.6,429,410,406.1,427.9
536,0C,18C,0,C,20 °C,7.6,465.6,410,335.3,447.5
537,0C,18C,0,C,20 °C,7.6,371.7,410,423.5,321.8
538,0C,18C,0,C,20 °C,7.6,345.2,410,398.8,387.2
539,0C,18C,0,C,20 °C,7.6,409,410,366.7,346.3
540,0C,18C,0,C,20 °C,7.6,371.9,410,326.5,349
541,0C,18C,0,C,22 °C,7.6,375.9,410,403.3,317.4
542,0C,18C,0,C,22 °C,7.6,450.9,410,433.4,425.6
543,0C,18C,0,C,22 °C,7.6,398.3,410,406.9,443.5
544,0C,18C,0,C,22 °C,7.6,388.3,410,446.2,450.2
545,0C,18C,0,C,22 °C,7.6,316.5,410,391.9,397.3
546,0C,18C,0,C,22 °C,7.6,437.4,410,322,391.8
547,0C,18C,0,C,22 °C,7.6,426.2,410,361.2,388.7
548,0C,18C,0,C,22 °C,7.6,320.3,410,393,328.9
549,0C,18C,0,C,22 °C,7.6,454.5,410,330.7,444.8
550,0C,18C,0,C,22 °C,7.6,370.6,410,326.1,400.5
551,0C,18C,0,C,22 °C,7.6,465.2,410,321.2,408.3
552,0C,18C,0,C,22 °C,7.6,371.6,410,430.6,468.4
553,0C,18C,0,C,22 °C,7.6,462.9,410,315.6,403.8
554,0C,18C,0,C,22 °C,7.6,405.1,410,334,404.4
555,0C,18C,0,C,22 °C,7.6,424.8,410,370.1,467.3
556,0C,18C,0,C,22 °C,7.6,316.6,410,347.8,312.3
557,0C,18C,0,C,22 °C,7.6,311.5,410,368.1,413.8
558,0C,18C,0,C,22 °C,7.6,372.7,410,392.3,421.5
559,0C,18C,0,C,22 °C,7.6,317.1,410,429.2,319.6
560,0C,18C,0,C,22 °C,7.6,403.3,410,329.4,395.7
561,0C,18C,0,C,22 °C,7.6,459.3,410,342.9,386.1
562,0C,18C,0,C,22 °C,7.6,362.9,410,315.3,377
563,0C,18C,0,C,22 °C,7.6,331.4,410,318.8,359.7
564,0C,18C,0,C,22 °C,7.6,429.5,410,419.1,446.4
565,0C,18C,0,C,22 °C,7.6,462.7,410,333.7,434
566,0C,18C,0,C,22 °C,7.6,361.9,410,462.4,352.4
567,0C,18C,0,C,22 °C,7.6,378.1,410,333.1,335.1
568,0C,18C,0,C,22 °C,7.6,349.5,410,352.3,334.5
569,0C,18C,0,C,22 °C,7.6,370.6,410,398.7,443.1
570,0C,18C,0,C,22 °C,7.6,360.9,410,353.9,349.5
571,0C,18C,0,C,24 °C,7.6,442.2,413,386.2,366.5
572,0C,18C,0,C,24 °C,7.6,329.2,413,455.3,386.6
573,0C,18C,0,C,24 °C,7.6,330.1,413,403.1,453.2
574,0C,18C,0,C,24 °C,7.6,437.9,413,383.6,456.9
575,0C,18C,0,C,24 °C,7.6,362.2,413,332.8,340.2
576,0C,18C,0,C,24 °C,7.6,472.4,413,434.1,408.2
577,0C,18C,0,C,24 °C,7.6,447.5,413,395.5,336
578,0C,18C,0,C,24 °C,7.6,314,413,402.5,449.8
579,0C,18C,0,C,24 °C,7.6,378.4,413,421.9,408.2
580,0C,18C,0,C,24 °C,7.6,325.2,413,396.3,438.8
581,0C,18C,0,C,24 °C,7.6,370,413,358.8,457.4
582,0C,18C,0,C,24 °C,7.6,438.8,413,426.8,362.3
583,0C,18C,0,C,24 °C,7.6,438.3,413,320.7,406
584,0C,18C,0,C,24 °C,7.6,331.9,413,360.4,422.6
585,0C,18C,0,C,24 °C,7.6,434.8,413,437,346.5
586,0C,18C,0,C,24 °C,7.6,471,413,424.4,415.4
587,0C,18C,0,C,24 °C,7.6,323.4,413,447.7,446.3
588,0C,18C,0,C,24 °C,7.6,463.8,413,419.8,323.2
589,0C,18C,0,C,24 °C,7.6,450.3,413,338.2,457.7
590,0C,18C,0,C,24 °C,7.6,459.4,413,321.9,454.5
591,0C,18C,0,C,24 °C,7.6,334.8,413,345.7,397.3
592,0C,18C,0,C,24 °C,7.6,328.2,413,379.9,358.9
593,0C,18C,0,C,24 °C,7.6,349.2,413,379.9,366.1
594,0C,18C,0,C,24 °C,7.6,457.7,413,390.7,382.8
595,0C,18C,0,C,24 °C,7.6,399.8,413,458.8,450.8
596,0C,18C,0,C,24 °C,7.6,470.2,413,466.2,339.4
597,0C,18C,0,C,24 °C,7.6,408.8,413,453.6,389.1
598,0C,18C,0,C,24 °C,7.6,457,413,413,352.5
599,0C,18C,0,C,24 °C,7.6,466.5,413,417.6,392.4
600,0C,18C,0,C,24 °C,7.6,430.4,413,315.2,412.1
601,0A,18C,0,A,18 °C,7.6,371.5,390,292.4,384.3
602,0A,18C,0,A,18 °C,7.6,376.7,390,305,344.7
603,0A,18C,0,A,18 °C,7.6,416.1,390,387.6,312.5
604,0A,18C,0,A,18 °C,7.6,417.5,390,294.5,392
605,0A,18C,0,A,18 °C,7.6,297.1,390,432.6,300.4
606,0A,18C,0,A,18 °C,7.6,312.8,390,397.4,400.6
607,0A,18C,0,A,18 °C,7.6,397.5,390,387.1,415.8
608,0A,18C,0,A,18 °C,7.6,339.3,390,314,449.5
609,0A,18C,0,A,18 °C,7.6,400.1,390,381.6,406.1
610,0A,18C,0,A,18 °C,7.6,290.3,390,427.7,447.7
611,0A,18C,0,A,18 °C,7.6,444.2,390,295.8,387.7
612,0A,18C,0,A,18 °C,7.6,389.4,390,307.3,444.5
613,0A,18C,0,A,18 °C,7.6,363,390,342.5,361.4
614,0A,18C,0,A,18 °C,7.6,336.4,390,376.6,383.7
615,0A,18C,0,A,18 °C,7.6,448.1,390,431.4,349.8
616,0A,18C,0,A,18 °C,7.6,297.6,390,372.4,400.1
617,0A,18C,0,A,18 °C,7.6,334.4,390,410.8,381.7
618,0A,18C,0,A,18 °C,7.6,299.5,390,347,366.3
619,0A,18C,0,A,18 °C,7.6,418.1,390,448.6,359
620,0A,18C,0,A,18 °C,7.6,448.7,390,389.9,321.5
621,0A,18C,0,A,18 °C,7.6,445.3,390,322.7,335.1
622,0A,18C,0,A,18 °C,7.6,293,390,419.4,328.2
623,0A,18C,0,A,18 °C,7.6,300.5,390,394.5,393.7
624,0A,18C,0,A,18 °C,7.6,402,390,319.1,415.2
625,0A,18C,0,A,18 °C,7.6,316.6,390,372.2,330
626,0A,18C,0,A,18 °C,7.6,294.7,390,325.7,394
627,0A,18C,0,A,18 °C,7.6,323.1,390,350.8,427.2
628,0A,18C,0,A,18 °C,7.6,320.8,390,305.3,308.9
629,0A,18C,0,A,18 °C,7.6,301.2,390,314.7,333.3
630,0A,18C,0,A,18 °C,7.6,304.5,390,368.2,357.3
631,0A,18C,0,A,20 °C,7.6,336.1,399,342.6,458.1
632,0A,18C,0,A,20 °C,7.6,398.2,399,321,347.1
633,0A,18C,0,A,20 °C,7.6,405.2,399,406.7,420.8
634,0A,18C,0,A,20 °C,7.6,370.4,399,419.5,432.2
635,0A,18C,0,A,20 °C,7.6,345,399,377,310.3
636,0A,18C,0,A,20 °C,7.6,336.3,399,408.5,365.3
637,0A,18C,0,A,20 °C,7.6,429.2,399,409.9,305.3
638,0A,18C,0,A,20 °C,7.6,436,399,426.7,327
639,0A,18C,0,A,20 °C,7.6,322.2,399,337.8,448.2
640,0A,18C,0,A,20 °C,7.6,410.2,399,316.7,349.5
641,0A,18C,0,A,20 °C,7.6,408.5,399,327,409.2
642,0A,18C,0,A,20 °C,7.6,304.1,399,355.4,396
643,0A,18C,0,A,20 °C,7.6,448.7,399,411.4,425.7
644,0A,18C,0,A,20 °C,7.6,412.9,399,322.3,416.6
645,0A,18C,0,A,20 °C,7.6,314,399,340.2,430.2
646,0A,18C,0,A,20 °C,7.6,415.8,399,302.4,305
647,0A,18C,0,A,20 °C,7.6,311.1,399,377.7,314.6
648,0A,18C,0,A,20 °C,7.6,328.6,399,342.5,445.2
649,0A,18C,0,A,20 °C,7.6,326.8,399,324.4,323.8
650,0A,18C,0,A,20 °C,7.6,371.3,399,364.5,416
651,0A,18C,0,A,20 °C,7.6,332.4,399,344.8,383
652,0A,18C,0,A,20 °C,7.6,299.6,399,445.1,388.9
653,0A,18C,0,A,20 °C,7.6,330.7,399,426.5,417.2
654,0A,18C,0,A,20 °C,7.6,368.3,399,308.2,317
655,0A,18C,0,A,20 °C,7.6,368.3,399,402.1,308.2
656,0A,18C,0,A,20 °C,7.6,379.7,399,449.6,433.3
657,0A,18C,0,A,20 °C,7.6,383,399,357.5,375.6
658,0A,18C,0,A,20 °C,7.6,415.2,399,399.7,401.8
659,0A,18C,0,A,20 °C,7.6,359,399,387.5,400.8
660,0A,18C,0,A,20 °C,7.6,320.7,399,427.1,444.1
661,0A,18C,0,A,22 °C,7.6,422.4,403,390.3,323.8
662,0A,18C,0,A,22 °C,7.6,434.7,403,422.2,391.7
663,0A,18C,0,A,22 °C,7.6,429.8,403,417.3,341
664,0A,18C,0,A,22 °C,7.6,310.7,403,404.7,334.2
665,0A,18C,0,A,22 °C,7.6,401.7,403,367,338.5
666,0A,18C,0,A,22 °C,7.6,385.1,403,360.4,325.3
667,0A,18C,0,A,22 °C,7.6,367.1,403,356.4,384.3
668,0A,18C,0,A,22 °C,7.6,396.4,403,356.1,367.2
669,0A,18C,0,A,22 °C,7.6,441.7,403,454.6,454.7
670,0A,18C,0,A,22 °C,7.6,306.8,403,368.1,443.1
671,0A,18C,0,A,22 °C,7.6,456.4,403,364.9,462.8
672,0A,18C,0,A,22 °C,7.6,369.4,403,330.7,407.5
673,0A,18C,0,A,22 °C,7.6,323.9,403,451.3,382.3
674,0A,18C,0,A,22 °C,7.6,402.1,403,347.1,391.7
675,0A,18C,0,A,22 °C,7.6,342.7,403,342.9,416.3
676,0A,18C,0,A,22 °C,7.6,363.4,403,404,426.6
677,0A,18C,0,A,22 °C,7.6,435.3,403,400.9,462.5
678,0A,18C,0,A,22 °C,7.6,444.8,403,452.1,306.9
679,0A,18C,0,A,22 °C,7.6,317.3,403,404.7,395.7
680,0A,18C,0,A,22 °C,7.6,421.9,403,371,390.1
681,0A,18C,0,A,22 °C,7.6,384.2,403,336.5,326.4
682,0A,18C,0,A,22 °C,7.6,377.4,403,358.9,445.4
683,0A,18C,0,A,22 °C,7.6,427.2,403,353.7,436.2
684,0A,18C,0,A,22 °C,7.6,444.7,403,444.2,319.6
685,0A,18C,0,A,22 °C,7.6,344.7,403,390.9,303
686,0A,18C,0,A,22 °C,7.6,460,403,401.7,439.8
687,0A,18C,0,A,22 °C,7.6,349.2,403,425.5,304.9
688,0A,18C,0,A,22 °C,7.6,352,403,329.5,326.4
689,0A,18C,0,A,22 °C,7.6,325.5,403,427.2,403.6
690,0A,18C,0,A,22 °C,7.6,393.3,403,455.8,342.6
691,0A,18C,0,A,24 °C,7.6,408,410,312.7,311.2
692,0A,18C,0,A,24 °C,7.6,343,410,415.1,339.7
693,0A,18C,0,A,24 °C,7.6,427,410,469.4,324.5
694,0A,18C,0,A,24 °C,7.6,386.2,410,322,424.8
695,0A,18C,0,A,24 °C,7.6,332.3,410,464.8,418.4
696,0A,18C,0,A,24 °C,7.6,344.5,410,341.7,339.6
697,0A,18C,0,A,24 °C,7.6,427.6,410,422.4,430.3
698,0A,18C,0,A,24 °C,7.6,330.9,410,433.1,341.7
699,0A,18C,0,A,24 °C,7.6,355.6,410,391.2,429.4
700,0A,18C,0,A,24 °C,7.6,393.3,410,395.9,352.2
701,0A,18C,0,A,24 °C,7.6,370.3,410,453.2,424.6
702,0A,18C,0,A,24 °C,7.6,462.4,410,355.9,402
703,0A,18C,0,A,24 °C,7.6,423.6,410,339.4,409.6
704,0A,18C,0,A,24 °C,7.6,410.5,410,402.7,386.6
705,0A,18C,0,A,24 °C,7.6,321.6,410,344.3,345.5
706,0A,18C,0,A,24 °C,7.6,380.2,410,419,333.9
707,0A,18C,0,A,24 °C,7.6,345.2,410,335.6,400.1
708,0A,18C,0,A,24 °C,7.6,389.4,410,438.1,434.9
709,0A,18C,0,A,24 °C,7.6,373.1,410,332.8,315.3
710,0A,18C,0,A,24 °C,7.6,431.1,410,409.1,427.1
711,0A,18C,0,A,24 °C,7.6,367,410,395,333
712,0A,18C,0,A,24 °C,7.6,355,410,434,391.9
713,0A,18C,0,A,24 °C,7.6,319.7,410,329.9,400.6
714,0A,18C,0,A,24 °C,7.6,329.3,410,328,371.3
715,0A,18C,0,A,24 °C,7.6,437.8,410,410.9,416.5
716,0A,18C,0,A,24 °C,7.6,371.5,410,405.2,427.8
717,0A,18C,0,A,24 °C,7.6,384.4,410,371.9,376.3
718,0A,18C,0,A,24 °C,7.6,393.1,410,381.9,463.8
719,0A,18C,0,A,24 °C,7.6,333.7,410,435.3,410.1
720,0A,18C,0,A,24 °C,7.6,439.6,410,318.9,354
721,2C,18C,2,C,18 °C,7.6,389.3,401,331.2,443.1
722,2C,18C,2,C,18 °C,7.6,357.1,401,339,327.9
723,2C,18C,2,C,18 °C,7.6,382.5,401,383.4,459.3
724,2C,18C,2,C,18 °C,7.6,353.2,401,339.4,325.6
725,2C,18C,2,C,18 °C,7.6,353.8,401,315.9,402.9
726,2C,18C,2,C,18 °C,7.6,397,401,301.9,312.2
727,2C,18C,2,C,18 °C,7.6,342.5,401,326.6,400.2
728,2C,18C,2,C,18 °C,7.6,403.3,401,452.5,396.8
729,2C,18C,2,C,18 °C,7.6,342.6,401,413.8,424
730,2C,18C,2,C,18 °C,7.6,410.5,401,348.2,449.1
731,2C,18C,2,C,18 °C,7.6,361.9,401,357.2,429.7
732,2C,18C,2,C,18 °C,7.6,454.2,401,328.9,324
733,2C,18C,2,C,18 °C,7.6,406.3,401,431.2,431.4
734,2C,18C,2,C,18 °C,7.6,425.5,401,393.6,394.2
735,2C,18C,2,C,18 °C,7.6,397.3,401,344.8,415.1
736,2C,18C,2,C,18 °C,7.6,399,401,394.9,379.3
737,2C,18C,2,C,18 °C,7.6,303.3,401,414.7,316
738,2C,18C,2,C,18 °C,7.6,407.4,401,364,458.2
739,2C,18C,2,C,18 °C,7.6,312.5,401,328.7,457.8
740,2C,18C,2,C,18 °C,7.6,447.8,401,333.8,302.5
741,2C,18C,2,C,18 °C,7.6,454.8,401,326.3,431.5
742,2C,18C,2,C,18 °C,7.6,396.6,401,317.7,454.4
743,2C,18C,2,C,18 °C,7.6,332.9,401,440.6,422.4
744,2C,18C,2,C,18 °C,7.6,341.5,401,428.7,313.1
745,2C,18C,2,C,18 °C,7.6,401.8,401,458.9,392.4
746,2C,18C,2,C,18 °C,7.6,368.8,401,356.7,407.8
747,2C,18C,2,C,18 °C,7.6,305.6,401,357.1,409.1
748,2C,18C,2,C,18 °C,7.6,334.6,401,338.5,376.7
749,2C,18C,2,C,18 °C,7.6,446.7,401,408.6,382.1
750,2C,18C,2,C,18 °C,7.6,447.7,401,431.2,315.6
751,2C,18C,2,C,20 °C,7.6,352.7,405,342.9,341
752,2C,18C,2,C,20 °C,7.6,438,405,388.6,451.5
753,2C,18C,2,C,20 °C,7.6,346.7,405,313.2,431.5
754,2C,18C,2,C,20 °C,7.6,312.1,405,464.3,318.5
755,2C,18C,2,C,20 °C,7.6,389.8,405,349.2,335.2
756,2C,18C,2,C,20 °C,7.6,385.7,405,315.3,420.4
757,2C,18C,2,C,20 °C,7.6,363,405,406.6,379.7
758,2C,18C,2,C,20 °C,7.6,410.5,405,446.9,334
759,2C,18C,2,C,20 °C,7.6,320.8,405,317.4,305.8
760,2C,18C,2,C,20 °C,7.6,400.9,405,422.1,444.2
761,2C,18C,2,C,20 °C,7.6,379.2,405,393.1,323.6
762,2C,18C,2,C,20 °C,7.6,379.2,405,367.7,420.6
763,2C,18C,2,C,20 °C,7.6,407.7,405,334.2,445.2
764,2C,18C,2,C,20 °C,7.6,317.7,405,395.9,411.4
765,2C,18C,2,C,20 °C,7.6,426.8,405,388.1,350.1
766,2C,18C,2,C,20 °C,7.6,453.5,405,436.9,422.6
767,2C,18C,2,C,20 °C,7.6,391.2,405,323.7,444.7
768,2C,18C,2,C,20 °C,7.6,376.9,405,380,378.6
769,2C,18C,2,C,20 °C,7.6,398.1,405,354.8,328.2
770,2C,18C,2,C,20 °C,7.6,352.9,405,374.9,401.4
771,2C,18C,2,C,20 °C,7.6,436.4,405,326.3,372
772,2C,18C,2,C,20 °C,7.6,350,405,419.3,347
773,2C,18C,2,C,20 °C,7.6,376.3,405,348.7,316.5
774,2C,18C,2,C,20 °C,7.6,351.1,405,416.9,407.7
775,2C,18C,2,C,20 °C,7.6,361.6,405,392.6,431.5
776,2C,18C,2,C,20 °C,7.6,361.5,405,332.3,438.2
777,2C,18C,2,C,20 °C,7.6,441.6,405,406.5,418.6
778,2C,18C,2,C,20 °C,7.6,313.7,405,366.4,391.3
779,2C,18C,2,C,20 °C,7.6,455,405,461.5,347
780,2C,18C,2,C,20 °C,7.6,400.6,405,441.2,432.4
781,2C,18C,2,C,22 °C,7.6,440.2,403,354.2,374.7
782,2C,18C,2,C,22 °C,7.6,437.8,403,402.5,434.8
783,2C,18C,2,C,22 °C,7.6,406.8,403,313.2,408.7
784,2C,18C,2,C,22 °C,7.6,419.6,403,354.6,409.3
785,2C,18C,2,C,22 °C,7.6,338.1,403,385.3,401.9
786,2C,18C,2,C,22 °C,7.6,374.9,403,444.9,388.8
787,2C,18C,2,C,22 °C,7.6,397.3,403,429.1,399.5
788,2C,18C,2,C,22 °C,7.6,396.1,403,318.7,376.7
789,2C,18C,2,C,22 °C,7.6,395.1,403,447.3,372.1
790,2C,18C,2,C,22 °C,7.6,459.1,403,428.3,366.9
791,2C,18C,2,C,22 °C,7.6,346.8,403,303.2,371.6
792,2C,18C,2,C,22 °C,7.6,308.7,403,454.9,450
793,2C,18C,2,C,22 °C,7.6,339.7,403,458.8,355.1
794,2C,18C,2,C,22 °C,7.6,333.6,403,362.8,434.6
795,2C,18C,2,C,22 °C,7.6,344,403,317.2,366.4
796,2C,18C,2,C,22 °C,7.6,328.8,403,359,425.5
797,2C,18C,2,C,22 °C,7.6,440,403,446.9,382.7
798,2C,18C,2,C,22 °C,7.6,331.4,403,373.4,314.4
799,2C,18C,2,C,22 °C,7.6,424.4,403,348.1,395.2
800,2C,18C,2,C,22 °C,7.6,449.8,403,413.3,399.9
801,2C,18C,2,C,22 °C,7.6,329.8,403,316.5,323.3
802,2C,18C,2,C,22 °C,7.6,435.9,403,368.9,381.9
803,2C,18C,2,C,22 °C,7.6,437.7,403,418,455.7
804,2C,18C,2,C,22 °C,7.6,354.5,403,344.8,356.2
805,2C,18C,2,C,22 °C,7.6,368.1,403,418,383.5
806,2C,18C,2,C,22 °C,7.6,390.8,403,429.9,305.4
807,2C,18C,2,C,22 °C,7.6,433.1,403,305.7,407.7
808,2C,18C,2,C,22 °C,7.6,327.3,403,336.4,317.5
809,2C,18C,2,C,22 °C,7.6,425,403,441.8,451.8
810,2C,18C,2,C,22 °C,7.6,315.6,403,368.2,439.3
811,2C,18C,2,C,24 °C,7.6,329.2,406,333.2,383
812,2C,18C,2,C,24 °C,7.6,443.3,406,456.4,378.9
813,2C,18C,2,C,24 °C,7.6,368.5,406,425.5,428.9
814,2C,18C,2,C,24 °C,7.6,391.3,406,371.6,419.7
815,2C,18C,2,C,24 °C,7.6,342.9,406,375.5,366.2
816,2C,18C,2,C,24 °C,7.6,398.8,406,432.1,424.1
817,2C,18C,2,C,24 °C,7.6,430.3,406,433.7,343.4
818,2C,18C,2,C,24 °C,7.6,359,406,308.5,348.3
819,2C,18C,2,C,24 °C,7.6,405.5,406,397.7,399.4
820,2C,18C,2,C,24 °C,7.6,375.1,406,315.6,366.7
821,2C,18C,2,C,24 °C,7.6,424,406,423.9,417.3
822,2C,18C,2,C,24 °C,7.6,385.2,406,447,451.3
823,2C,18C,2,C,24 °C,7.6,362.1,406,337.2,379.4
824,2C,18C,2,C,24 °C,7.6,428.8,406,428.3,424.9
825,2C,18C,2,C,24 °C,7.6,326.5,406,338.4,384.8
826,2C,18C,2,C,24 °C,7.6,398.8,406,441.4,391
827,2C,18C,2,C,24 °C,7.6,306.8,406,438.3,418.3
828,2C,18C,2,C,24 °C,7.6,396,406,377.3,433.6
829,2C,18C,2,C,24 °C,7.6,311.5,406,347.3,325
830,2C,18C,2,C,24 °C,7.6,309.3,406,391.4,388
831,2C,18C,2,C,24 °C,7.6,377.2,406,334,396.1
832,2C,18C,2,C,24 °C,7.6,390.5,406,316.7,370.3
833,2C,18C,2,C,24 °C,7.6,443.9,406,387.3,465.6
834,2C,18C,2,C,24 °C,7.6,426.9,406,448.2,394.6
835,2C,18C,2,C,24 °C,7.6,349.5,406,325.4,452.3
836,2C,18C,2,C,24 °C,7.6,325.2,406,339.8,418.4
837,2C,18C,2,C,24 °C,7.6,361.6,406,355.1,400.1
838,2C,18C,2,C,24 °C,7.6,313.9,406,425,455.6
839,2C,18C,2,C,24 °C,7.6,411.4,406,465.7,321.7
840,2C,18C,2,C,24 °C,7.6,403.9,406,393.1,379
841,2A,18C,2,A,18 °C,7.6,335.6,401,458.2,373.8
842,2A,18C,2,A,18 °C,7.6,432.4,401,313.4,327.5
843,2A,18C,2,A,18 °C,7.6,309.5,401,313.5,419
844,2A,18C,2,A,18 °C,7.6,375,401,395.4,460.6
845,2A,18C,2,A,18 °C,7.6,374.2,401,407.8,431.1
846,2A,18C,2,A,18 °C,7.6,389.3,401,419.8,363.8
847,2A,18C,2,A,18 °C,7.6,439.8,401,438.4,435.4
848,2A,18C,2,A,18 °C,7.6,411.8,401,401,371
849,2A,18C,2,A,18 °C,7.6,360.7,401,308.9,317.7
850,2A,18C,2,A,18 °C,7.6,421.6,401,327.8,371
851,2A,18C,2,A,18 °C,7.6,454.5,401,460.2,338.7
852,2A,18C,2,A,18 °C,7.6,318.6,401,447.8,439.1
853,2A,18C,2,A,18 °C,7.6,365.8,401,442.9,338.7
854,2A,18C,2,A,18 °C,7.6,395.2,401,427.1,301.3
855,2A,18C,2,A,18 °C,7.6,364.2,401,303.4,310.8
856,2A,18C,2,A,18 °C,7.6,317.1,401,349,361.1
857,2A,18C,2,A,18 °C,7.6,439.3,401,380.6,411.7
858,2A,18C,2,A,18 °C,7.6,315.5,401,308,333.8
859,2A,18C,2,A,18 °C,7.6,341.7,401,306.8,366.4
860,2A,18C,2,A,18 °C,7.6,357,401,411.9,438.4
861,2A,18C,2,A,18 °C,7.6,450.8,401,313.6,414.8
862,2A,18C,2,A,18 °C,7.6,351.5,401,420.3,352.6
863,2A,18C,2,A,18 °C,7.6,418.5,401,384.6,337.3
864,2A,18C,2,A,18 °C,7.6,358.4,401,329.3,343.6
865,2A,18C,2,A,18 °C,7.6,353.1,401,331.9,437.8
866,2A,18C,2,A,18 °C,7.6,313.6,401,393.1,452.8
867,2A,18C,2,A,18 °C,7.6,452.3,401,413.4,418.2
868,2A,18C,2,A,18 °C,7.6,441.8,401,406.7,370.2
869,2A,18C,2,A,18 °C,7.6,442.8,401,379.5,404.1
870,2A,18C,2,A,18 °C,7.6,312.1,401,330.9,415.2
871,2A,18C,2,A,20 °C,7.6,415.2,405,344.8,432.2
872,2A,18C,2,A,20 °C,7.6,309,405,383.9,373.9
873,2A,18C,2,A,20 °C,7.6,362.4,405,370,364.2
874,2A,18C,2,A,20 °C,7.6,417.7,405,386.9,376.1
875,2A,18C,2,A,20 °C,7.6,382.3,405,447,331.2
876,2A,18C,2,A,20 °C,7.6,320.5,405,462.3,308.2
877,2A,18C,2,A,20 °C,7.6,396.7,405,421.8,401.4
878,2A,18C,2,A,20 °C,7.6,332.9,405,379.2,351.3
879,2A,18C,2,A,20 °C,7.6,355.7,405,402.5,439.3
880,2A,18C,2,A,20 °C,7.6,323.1,405,329.5,351.3
881,2A,18C,2,A,20 °C,7.6,374.2,405,357,394.5
882,2A,18C,2,A,20 °C,7.6,348.6,405,331.9,442.3
883,2A,18C,2,A,20 °C,7.6,451.9,405,340.3,406.7
884,2A,18C,2,A,20 °C,7.6,440.8,405,324.9,460.4
885,2A,18C,2,A,20 °C,7.6,367.2,405,450.6,399.4
886,2A,18C,2,A,20 °C,7.6,436.6,405,362.9,432.9
887,2A,18C,2,A,20 °C,7.6,352.6,405,323.9,398.9
888,2A,18C,2,A,20 °C,7.6,383.7,405,341,403.9
889,2A,18C,2,A,20 °C,7.6,410.6,405,335.8,309.6
890,2A,18C,2,A,20 °C,7.6,325.9,405,310,342.3
891,2A,18C,2,A,20 °C,7.6,459.4,405,389.8,434.1
892,2A,18C,2,A,20 °C,7.6,333.2,405,418.1,424.1
893,2A,18C,2,A,20 °C,7.6,373.2,405,390.3,370.4
894,2A,18C,2,A,20 °C,7.6,321.8,405,437.1,430.6
895,2A,18C,2,A,20 °C,7.6,403.4,405,368.2,447.3
896,2A,18C,2,A,20 °C,7.6,374.3,405,319.7,349
897,2A,18C,2,A,20 °C,7.6,335.7,405,429,426.3
898,2A,18C,2,A,20 °C,7.6,318.3,405,402.9,336.3
899,2A,18C,2,A,20 °C,7.6,316.3,405,342.6,363.4
900,2A,18C,2,A,20 °C,7.6,337.6,405,395.7,348.3
901,2A,18C,2,A,22 °C,7.6,304.5,403,355.3,443.3
902,2A,18C,2,A,22 °C,7.6,338.3,403,454.2,362.7
903,2A,18C,2,A,22 °C,7.6,410.2,403,390.1,371.6
904,2A,18C,2,A,22 °C,7.6,414.4,403,400.7,343.7
905,2A,18C,2,A,22 °C,7.6,412.1,403,439.3,330.9
906,2A,18C,2,A,22 °C,7.6,350.9,403,336.6,339.1
907,2A,18C,2,A,22 °C,7.6,439.9,403,437.2,419.1
908,2A,18C,2,A,22 °C,7.6,405.2,403,405.1,426.8
909,2A,18C,2,A,22 °C,7.6,375.2,403,405.3,452.3
910,2A,18C,2,A,22 °C,7.6,441.2,403,303.4,415.7
911,2A,18C,2,A,22 °C,7.6,455.7,403,456.1,378.8
912,2A,18C,2,A,22 °C,7.6,318.3,403,462.1,455.3
913,2A,18C,2,A,22 °C,7.6,320.5,403,389.5,334.9
914,2A,18C,2,A,22 °C,7.6,423.3,403,352.6,396.9
915,2A,18C,2,A,22 °C,7.6,427.5,403,445.7,363
916,2A,18C,2,A,22 °C,7.6,417.4,403,458.7,314.4
917,2A,18C,2,A,22 °C,7.6,342.7,403,422.2,345.4
918,2A,18C,2,A,22 °C,7.6,413,403,380.4,420.6
919,2A,18C,2,A,22 °C,7.6,450.9,403,396.8,379.4
920,2A,18C,2,A,22 °C,7.6,442,403,349.9,407
921,2A,18C,2,A,22 °C,7.6,399.1,403,321.4,365.6
922,2A,18C,2,A,22 °C,7.6,303.5,403,350.1,415.2
923,2A,18C,2,A,22 °C,7.6,424.3,403,362.5,405.2
924,2A,18C,2,A,22 °C,7.6,413.7,403,376.2,417.1
925,2A,18C,2,A,22 °C,7.6,457.1,403,321.8,415.4
926,2A,18C,2,A,22 °C,7.6,440,403,436.7,377.2
927,2A,18C,2,A,22 °C,7.6,356.1,403,318.6,314.2
928,2A,18C,2,A,22 °C,7.6,403.1,403,349.6,360.5
929,2A,18C,2,A,22 °C,7.6,351.9,403,384.8,403.3
930,2A,18C,2,A,22 °C,7.6,426.8,403,415.6,409.2
931,2A,18C,2,A,24 °C,7.6,430.3,406,415.2,361.7
932,2A,18C,2,A,24 °C,7.6,324.8,406,433.5,342.8
933,2A,18C,2,A,24 °C,7.6,384.4,406,421.5,317.2
934,2A,18C,2,A,24 °C,7.6,458.2,406,392.1,431.7
935,2A,18C,2,A,24 °C,7.6,445.7,406,345.1,453.5
936,2A,18C,2,A,24 °C,7.6,432.3,406,360.2,338.6
937,2A,18C,2,A,24 °C,7.6,391.4,406,449.6,394.5
938,2A,18C,2,A,24 °C,7.6,390.8,406,417.4,392.5
939,2A,18C,2,A,24 °C,7.6,324.6,406,414.9,384.9
940,2A,18C,2,A,24 °C,7.6,361.3,406,457,320.7
941,2A,18C,2,A,24 °C,7.6,439.7,406,438.6,391.7
942,2A,18C,2,A,24 °C,7.6,452.9,406,423.3,366.7
943,2A,18C,2,A,24 °C,7.6,363.9,406,443.2,452.4
944,2A,18C,2,A,24 °C,7.6,465.9,406,326,329
945,2A,18C,2,A,24 °C,7.6,335.6,406,441.3,413
946,2A,18C,2,A,24 °C,7.6,406.4,406,364.8,363.9
947,2A,18C,2,A,24 °C,7.6,419.3,406,457.2,396.4
948,2A,18C,2,A,24 °C,7.6,339.3,406,353.3,395.4
949,2A,18C,2,A,24 °C,7.6,306.8,406,464.3,404
950,2A,18C,2,A,24 °C,7.6,453.8,406,419.4,366.6
951,2A,18C,2,A,24 °C,7.6,362.9,406,399.1,412.5
952,2A,18C,2,A,24 °C,7.6,322.6,406,382.3,380.4
953,2A,18C,2,A,24 °C,7.6,355.6,406,406.2,422.9
954,2A,18C,2,A,24 °C,7.6,350.7,406,324.7,459.8
955,2A,18C,2,A,24 °C,7.6,367.5,406,404.5,363
956,2A,18C,2,A,24 °C,7.6,402.1,406,398.1,363.9
957,2A,18C,2,A,24 °C,7.6,339.3,406,465.1,459.4
958,2A,18C,2,A,24 °C,7.6,438,406,331.2,452.8
959,2A,18C,2,A,24 °C,7.6,431.9,406,388.4,447.4
960,2A,18C,2,A,24 °C,7.6,417,406,428.5,322.4